"Name","Calls","TotalDurationNs","AverageNs","Percentage","MinNs","MaxNs","StdDev"
"hipMemcpy",4,37357224,9339306.000000,51.44,1323636,31240437,14609587.012015
"hipLaunchKernel",16,21838765,1364922.812500,30.07,4925,11305722,3682877.659088
"hipDeviceSynchronize",3,6623132,2207710.666667,9.12,814628,3419879,1312013.982492
"hipGetDevice",1,6066687,6066687.000000,8.35,6066687,6066687,0.00000000e+00
"hipFree",3,400792,133597.333333,0.5519,85403,205444,63419.516510
"hipMalloc",3,244369,81456.333333,0.3365,11955,212473,113534.000446
"hipMemset",1,37903,37903.000000,0.0522,37903,37903,0.00000000e+00
"hipEventRecord",20,18929,946.450000,0.0261,719,2332,342.805066
"__hipRegisterFunction",5,11417,2283.400000,0.0157,216,9021,3790.884039
"hipEventDestroy",20,5524,276.200000,7.606e-03,156,1243,233.843312
"__hipRegisterFatBinary",1,5364,5364.000000,7.386e-03,5364,5364,0.00000000e+00
"hipEventCreate",20,5139,256.950000,7.076e-03,119,1377,288.054723
"hipEventElapsedTime",10,3708,370.800000,5.106e-03,188,1596,431.387889
"hipGetDevicePropertiesR0600",1,2211,2211.000000,3.044e-03,2211,2211,0.00000000e+00
"__hipPushCallConfiguration",16,1997,124.812500,2.750e-03,38,649,195.987149
"__hipPopCallConfiguration",16,1638,102.375000,2.255e-03,42,391,121.456645
"hipGetLastError",16,1469,91.812500,2.023e-03,29,517,161.023070
