config_id,implementation,runtime,shape,dtype,block,grid,num_warps,warmup,repeat,seed,scope,process,sample_count,min_ms,median_ms,max_ms,mean_ms,correct,sample_file,log_file
hip-v0,hip-v0,hip,16777216,float32,256,65536,0,10,50,20260920,gpu-event-single-kernel,1,50,0.348320990801,0.349440991879,0.350721001625,0.34933585941792006,OK,samples/n16777216-hip-v0-p1.csv,logs/n16777216-hip-v0-p1.log
hip-v0,hip-v0,hip,16777216,float32,256,65536,0,10,50,20260920,gpu-event-single-kernel,2,50,0.33256098628,0.3333010077475,0.334360003471,0.33329285979266,OK,samples/n16777216-hip-v0-p2.csv,logs/n16777216-hip-v0-p2.log
hip-v0,hip-v0,hip,16777216,float32,256,65536,0,10,50,20260920,gpu-event-single-kernel,3,50,0.334401011467,0.334861010313,0.335680991411,0.3348945993185,OK,samples/n16777216-hip-v0-p3.csv,logs/n16777216-hip-v0-p3.log
hip-v1-contiguous,hip-v1-contiguous,hip,16777216,float32,256,2048,0,10,50,20260920,gpu-event-single-kernel,1,50,0.36692199111,0.370081499219,0.377642005682,0.37074883878234,OK,samples/n16777216-hip-v1-contiguous-p1.csv,logs/n16777216-hip-v1-contiguous-p1.log
hip-v1-contiguous,hip-v1-contiguous,hip,16777216,float32,256,2048,0,10,50,20260920,gpu-event-single-kernel,2,50,0.367320984602,0.3696810007095,0.375721007586,0.37030347764484,OK,samples/n16777216-hip-v1-contiguous-p2.csv,logs/n16777216-hip-v1-contiguous-p2.log
hip-v1-contiguous,hip-v1-contiguous,hip,16777216,float32,256,2048,0,10,50,20260920,gpu-event-single-kernel,3,50,0.363801002502,0.366240486503,0.375081002712,0.36645041763782,OK,samples/n16777216-hip-v1-contiguous-p3.csv,logs/n16777216-hip-v1-contiguous-p3.log
hip-v1-strided,hip-v1-strided,hip,16777216,float32,256,2048,0,10,50,20260920,gpu-event-single-kernel,1,50,2.42728495598,2.5382055044199996,2.64628601074,2.5400353527062,OK,samples/n16777216-hip-v1-strided-p1.csv,logs/n16777216-hip-v1-strided-p1.log
hip-v1-strided,hip-v1-strided,hip,16777216,float32,256,2048,0,10,50,20260920,gpu-event-single-kernel,2,50,2.33808588982,2.505867004395,2.63112688065,2.5061747789388,OK,samples/n16777216-hip-v1-strided-p2.csv,logs/n16777216-hip-v1-strided-p2.log
hip-v1-strided,hip-v1-strided,hip,16777216,float32,256,2048,0,10,50,20260920,gpu-event-single-kernel,3,50,2.48824691772,2.576887488365,2.67900705338,2.5736577510838,OK,samples/n16777216-hip-v1-strided-p3.csv,logs/n16777216-hip-v1-strided-p3.log
hip-v2-g2048,hip-v2,hip,16777216,float32,256,2048,0,10,50,20260920,gpu-event-single-kernel,1,50,0.359441012144,0.361721009016,0.364881008863,0.36168972134588,OK,samples/n16777216-hip-v2-g2048-p1.csv,logs/n16777216-hip-v2-g2048-p1.log
hip-v2-g2048,hip-v2,hip,16777216,float32,256,2048,0,10,50,20260920,gpu-event-single-kernel,2,50,0.355881989002,0.3575820028785,0.360161006451,0.35770766019817996,OK,samples/n16777216-hip-v2-g2048-p2.csv,logs/n16777216-hip-v2-g2048-p2.log
hip-v2-g2048,hip-v2,hip,16777216,float32,256,2048,0,10,50,20260920,gpu-event-single-kernel,3,50,0.351002007723,0.3535815030335,0.357241004705,0.35352960050098,OK,samples/n16777216-hip-v2-g2048-p3.csv,logs/n16777216-hip-v2-g2048-p3.log
hip-v2-g256,hip-v2,hip,16777216,float32,256,256,0,10,50,20260920,gpu-event-single-kernel,1,50,0.342720001936,0.343639999628,0.346960991621,0.34380060017114,OK,samples/n16777216-hip-v2-g256-p1.csv,logs/n16777216-hip-v2-g256-p1.log
hip-v2-g256,hip-v2,hip,16777216,float32,256,256,0,10,50,20260920,gpu-event-single-kernel,2,50,0.341080993414,0.3444209992885,0.34712100029,0.34442423820504,OK,samples/n16777216-hip-v2-g256-p2.csv,logs/n16777216-hip-v2-g256-p2.log
hip-v2-g256,hip-v2,hip,16777216,float32,256,256,0,10,50,20260920,gpu-event-single-kernel,3,50,0.333321005106,0.3343005031345,0.338721007109,0.33455445945260004,OK,samples/n16777216-hip-v2-g256-p3.csv,logs/n16777216-hip-v2-g256-p3.log
hip-v2-g65536,hip-v2,hip,16777216,float32,256,65536,0,10,50,20260920,gpu-event-single-kernel,1,50,0.354800999165,0.3551209867,0.360641002655,0.35521405756472,OK,samples/n16777216-hip-v2-g65536-p1.csv,logs/n16777216-hip-v2-g65536-p1.log
hip-v2-g65536,hip-v2,hip,16777216,float32,256,65536,0,10,50,20260920,gpu-event-single-kernel,2,50,0.34984099865,0.350300505757,0.355881005526,0.35035693824294,OK,samples/n16777216-hip-v2-g65536-p2.csv,logs/n16777216-hip-v2-g65536-p2.log
hip-v2-g65536,hip-v2,hip,16777216,float32,256,65536,0,10,50,20260920,gpu-event-single-kernel,3,50,0.331800997257,0.33286100626000004,0.338120996952,0.33288581788538,OK,samples/n16777216-hip-v2-g65536-p3.csv,logs/n16777216-hip-v2-g65536-p3.log
hip-v3-g256,hip-v3,hip,16777216,float32,256,256,0,10,50,20260920,gpu-event-single-kernel,1,50,0.340083003044,0.342002004385,0.347281992435,0.34241177856914,OK,samples/n16777216-hip-v3-g256-p1.csv,logs/n16777216-hip-v3-g256-p1.log
hip-v3-g256,hip-v3,hip,16777216,float32,256,256,0,10,50,20260920,gpu-event-single-kernel,2,50,0.340321004391,0.3425004929305,0.347200989723,0.34261435925968003,OK,samples/n16777216-hip-v3-g256-p2.csv,logs/n16777216-hip-v3-g256-p2.log
hip-v3-g256,hip-v3,hip,16777216,float32,256,256,0,10,50,20260920,gpu-event-single-kernel,3,50,0.340840995312,0.342121005058,0.350001007318,0.34251830041406,OK,samples/n16777216-hip-v3-g256-p3.csv,logs/n16777216-hip-v3-g256-p3.log
triton-t0-b256,triton-t0,triton,16777216,float32,256,65536,4,10,50,20260920,gpu-event-single-kernel,1,50,0.348681002855,0.349521011114,0.379090994596,0.35019057929508,OK,samples/n16777216-triton-t0-b256-p1.csv,logs/n16777216-triton-t0-b256-p1.log
triton-t0-b256,triton-t0,triton,16777216,float32,256,65536,4,10,50,20260920,gpu-event-single-kernel,2,50,0.332960009575,0.334060996771,0.360920995474,0.33480963826182,OK,samples/n16777216-triton-t0-b256-p2.csv,logs/n16777216-triton-t0-b256-p2.log
triton-t0-b256,triton-t0,triton,16777216,float32,256,65536,4,10,50,20260920,gpu-event-single-kernel,3,50,0.332960993052,0.333781003952,0.395810991526,0.3352162992954,OK,samples/n16777216-triton-t0-b256-p3.csv,logs/n16777216-triton-t0-b256-p3.log
triton-t1-b1024,triton-t1,triton,16777216,float32,1024,16384,4,10,50,20260920,gpu-event-single-kernel,1,50,0.337520986795,0.33822049200500004,0.361279994249,0.33864797711376,OK,samples/n16777216-triton-t1-b1024-p1.csv,logs/n16777216-triton-t1-b1024-p1.log
triton-t1-b1024,triton-t1,triton,16777216,float32,1024,16384,4,10,50,20260920,gpu-event-single-kernel,2,50,0.337119996548,0.3377009928225,0.359820991755,0.33828207910054,OK,samples/n16777216-triton-t1-b1024-p2.csv,logs/n16777216-triton-t1-b1024-p2.log
triton-t1-b1024,triton-t1,triton,16777216,float32,1024,16384,4,10,50,20260920,gpu-event-single-kernel,3,50,0.335601001978,0.336300507188,0.357380986214,0.33681569874277995,OK,samples/n16777216-triton-t1-b1024-p3.csv,logs/n16777216-triton-t1-b1024-p3.log
triton-t1-b2048,triton-t1,triton,16777216,float32,2048,8192,4,10,50,20260920,gpu-event-single-kernel,1,50,0.340561002493,0.341241002083,0.370420008898,0.34181481719022,OK,samples/n16777216-triton-t1-b2048-p1.csv,logs/n16777216-triton-t1-b2048-p1.log
triton-t1-b2048,triton-t1,triton,16777216,float32,2048,8192,4,10,50,20260920,gpu-event-single-kernel,2,50,0.342720985413,0.34322050213800004,0.378800988197,0.34392735779286,OK,samples/n16777216-triton-t1-b2048-p2.csv,logs/n16777216-triton-t1-b2048-p2.log
triton-t1-b2048,triton-t1,triton,16777216,float32,2048,8192,4,10,50,20260920,gpu-event-single-kernel,3,50,0.340440988541,0.340961009264,0.363970994949,0.34146357834348,OK,samples/n16777216-triton-t1-b2048-p3.csv,logs/n16777216-triton-t1-b2048-p3.log
triton-t1-b512,triton-t1,triton,16777216,float32,512,32768,4,10,50,20260920,gpu-event-single-kernel,1,50,0.340041011572,0.34048101306,0.341120004654,0.3404983794689,OK,samples/n16777216-triton-t1-b512-p1.csv,logs/n16777216-triton-t1-b512-p1.log
triton-t1-b512,triton-t1,triton,16777216,float32,512,32768,4,10,50,20260920,gpu-event-single-kernel,2,50,0.334320008755,0.3354009985925,0.362430989742,0.3358958387375,OK,samples/n16777216-triton-t1-b512-p2.csv,logs/n16777216-triton-t1-b512-p2.log
triton-t1-b512,triton-t1,triton,16777216,float32,512,32768,4,10,50,20260920,gpu-event-single-kernel,3,50,0.334720999002,0.335440993309,0.388680994511,0.33658889830116,OK,samples/n16777216-triton-t1-b512-p3.csv,logs/n16777216-triton-t1-b512-p3.log
