config_id,shape,scope,trace_dispatches,excluded_precheck_warmup,timed_dispatches,trace_median_ms,trace_min_ms,trace_max_ms,Grid_Size_X,Workgroup_Size_X,VGPR_Count,SGPR_Count,LDS_Block_Size,Scratch_Size
hip-v0,16777216,rocprofv3-kernel-trace,16,6,10,0.3262815,0.325321,0.326881,16777216,256,8,128,0,0
hip-v1-contiguous,16777216,rocprofv3-kernel-trace,16,6,10,0.35742149999999995,0.355001,0.362561,524288,256,16,128,0,0
hip-v1-strided,16777216,rocprofv3-kernel-trace,16,6,10,2.5594295000000002,2.533849,2.60321,524288,256,16,128,0,0
hip-v2-g65536,16777216,rocprofv3-kernel-trace,16,6,10,0.3264015,0.325881,0.535802,16777216,256,16,128,0,0
hip-v2-g2048,16777216,rocprofv3-kernel-trace,16,6,10,0.3491015,0.344401,0.525082,524288,256,16,128,0,0
hip-v2-g256,16777216,rocprofv3-kernel-trace,16,6,10,0.334961,0.327921,0.336802,65536,256,16,128,0,0
hip-v3-g256,16777216,rocprofv3-kernel-trace,16,6,10,0.334541,0.332161,0.523842,65536,256,16,128,0,0
triton-t0-b256,16777216,rocprofv3-kernel-trace,16,6,10,0.3272815,0.325401,0.509122,8388608,128,8,128,0,0
triton-t1-b512,16777216,rocprofv3-kernel-trace,16,6,10,0.3281215,0.327361,0.529962,4194304,128,16,128,0,0
triton-t1-b1024,16777216,rocprofv3-kernel-trace,16,6,10,0.32964099999999996,0.329041,0.518642,2097152,128,24,128,0,0
triton-t1-b2048,16777216,rocprofv3-kernel-trace,16,6,10,0.33430099999999996,0.333881,0.531562,1048576,128,40,128,0,0
