config_id,implementation,runtime,shape,dtype,block,grid,num_warps,warmup,repeat,seed,scope,run_count,correct,median_ms,median_ms_run_min,median_ms_run_max,effective_bandwidth_gbs,effective_bandwidth_gbs_run_min,effective_bandwidth_gbs_run_max
hip-v0,hip-v0,hip,16777216,float32,256,65536,0,10,50,20260920,gpu-event-single-kernel,3,OK,0.334861010313,0.3333010077475,0.349440991879,601.2243462199938,576.1390239806576,604.0383536809456
hip-v1-contiguous,hip-v1-contiguous,hip,16777216,float32,256,2048,0,10,50,20260920,gpu-event-single-kernel,3,OK,0.3696810007095,0.366240486503,0.370081499219,544.5954528731786,544.0060971025807,549.7114585073348
hip-v1-strided,hip-v1-strided,hip,16777216,float32,256,2048,0,10,50,20260920,gpu-event-single-kernel,3,OK,2.5382055044199996,2.505867004395,2.576887488365,79.31847584815822,78.12781617708073,80.34208984231665
hip-v2-g2048,hip-v2,hip,16777216,float32,256,2048,0,10,50,20260920,gpu-event-single-kernel,3,OK,0.3575820028785,0.3535815030335,0.361721009016,563.0221610129723,556.579758935414,569.3923190912093
hip-v2-g256,hip-v2,hip,16777216,float32,256,256,0,10,50,20260920,gpu-event-single-kernel,3,OK,0.343639999628,0.3343005031345,0.3444209992885,585.8648359269635,584.5363448102688,602.2323930484775
hip-v2-g65536,hip-v2,hip,16777216,float32,256,65536,0,10,50,20260920,gpu-event-single-kernel,3,OK,0.350300505757,0.33286100626000004,0.3551209867,574.7253820400084,566.9239485698918,604.8368184128555
hip-v3-g256,hip-v3,hip,16777216,float32,256,256,0,10,50,20260920,gpu-event-single-kernel,3,OK,0.342121005058,0.342002004385,0.3425004929305,588.4660369387988,587.8140211636223,588.6707955470395
triton-t0-b256,triton-t0,triton,16777216,float32,256,65536,4,10,50,20260920,gpu-event-single-kernel,3,OK,0.334060996771,0.333781003952,0.349521011114,602.664165963709,576.007122886055,603.1697119257037
triton-t1-b1024,triton-t1,triton,16777216,float32,1024,16384,4,10,50,20260920,gpu-event-single-kernel,3,OK,0.3377009928225,0.336300507188,0.33822049200500004,596.1681969523254,595.2524958098154,598.650872350465
triton-t1-b2048,triton-t1,triton,16777216,float32,2048,8192,4,10,50,20260920,gpu-event-single-kernel,3,OK,0.341241002083,0.340961009264,0.34322050213800004,589.9835915703686,586.580902789577,590.4680785482906
triton-t1-b512,triton-t1,triton,16777216,float32,512,32768,4,10,50,20260920,gpu-event-single-kernel,3,OK,0.335440993309,0.3354009985925,0.34048101306,600.1848194342272,591.3004962908811,600.2563881588334
