"Correlation_Id","Dispatch_Id","Agent_Id","Queue_Id","Process_Id","Thread_Id","Grid_Size","Kernel_Id","Kernel_Name","Workgroup_Size","LDS_Block_Size","Scratch_Size","VGPR_Count","Accum_VGPR_Count","SGPR_Count","Counter_Name","Counter_Value","Start_Timestamp","End_Timestamp"
8,8,"Agent 1",2,1407771,1407771,16777216,23,"(anonymous namespace)::vector_add_v0(float const*, float const*, float*, unsigned long)",256,0,0,8,0,128,"FetchSize",0.00000000e+00,908802923101432,908802923429234
9,9,"Agent 1",2,1407771,1407771,16777216,23,"(anonymous namespace)::vector_add_v0(float const*, float const*, float*, unsigned long)",256,0,0,8,0,128,"FetchSize",0.00000000e+00,908802934145686,908802934473258
10,10,"Agent 1",2,1407771,1407771,16777216,23,"(anonymous namespace)::vector_add_v0(float const*, float const*, float*, unsigned long)",256,0,0,8,0,128,"FetchSize",0.00000000e+00,908802934563220,908802934890512
11,11,"Agent 1",2,1407771,1407771,16777216,23,"(anonymous namespace)::vector_add_v0(float const*, float const*, float*, unsigned long)",256,0,0,8,0,128,"FetchSize",0.00000000e+00,908802934968195,908802935295607
12,12,"Agent 1",2,1407771,1407771,16777216,23,"(anonymous namespace)::vector_add_v0(float const*, float const*, float*, unsigned long)",256,0,0,8,0,128,"FetchSize",0.00000000e+00,908802935373409,908802935700741
13,13,"Agent 1",2,1407771,1407771,16777216,23,"(anonymous namespace)::vector_add_v0(float const*, float const*, float*, unsigned long)",256,0,0,8,0,128,"FetchSize",0.00000000e+00,908802935778384,908802936106076
14,14,"Agent 1",2,1407771,1407771,16777216,23,"(anonymous namespace)::vector_add_v0(float const*, float const*, float*, unsigned long)",256,0,0,8,0,128,"FetchSize",0.00000000e+00,908802936183559,908802936510691
15,15,"Agent 1",2,1407771,1407771,16777216,23,"(anonymous namespace)::vector_add_v0(float const*, float const*, float*, unsigned long)",256,0,0,8,0,128,"FetchSize",0.00000000e+00,908802936588494,908802936915826
16,16,"Agent 1",2,1407771,1407771,16777216,23,"(anonymous namespace)::vector_add_v0(float const*, float const*, float*, unsigned long)",256,0,0,8,0,128,"FetchSize",0.00000000e+00,908802936993149,908802937320601
17,17,"Agent 1",2,1407771,1407771,16777216,23,"(anonymous namespace)::vector_add_v0(float const*, float const*, float*, unsigned long)",256,0,0,8,0,128,"FetchSize",0.00000000e+00,908802937397804,908802937725055
