"CodeObj","Vaddr","Instruction","Hitcount","Latency","Stall","Idle","Source"
2,13568,"; _ZN12_GLOBAL__N_113vector_add_v0EPKfS1_Pfm",0,0,0,0,"(anonymous namespace)::vector_add_v0(float const*, float const*, float*, unsigned long)"
2,13568,"s_clause 0x1",4124,4124,0,131694,"<environment-part-root>/.venv/lib/python3.12/site-packages/_rocm_sdk_devel/include/hip/amd_detail/amd_hip_runtime.h:258 -> <environment-part-root>/.venv/lib/python3.12/site-packages/_rocm_sdk_devel/include/hip/amd_detail/amd_hip_runtime.h:317 -> <walkthrough-root>/code/part2-kernels/chapter8/vector_add_hip.hip:40"
2,13572,"s_load_b32 s8, s[0:1], 0x2c",4124,11020,6896,0,"<environment-part-root>/.venv/lib/python3.12/site-packages/_rocm_sdk_devel/include/hip/amd_detail/amd_hip_runtime.h:258 -> <environment-part-root>/.venv/lib/python3.12/site-packages/_rocm_sdk_devel/include/hip/amd_detail/amd_hip_runtime.h:317 -> <walkthrough-root>/code/part2-kernels/chapter8/vector_add_hip.hip:40"
2,13580,"s_load_b256 s[0:7], s[0:1], 0x0",4124,4143,19,3,"<environment-part-root>/.venv/lib/python3.12/site-packages/_rocm_sdk_devel/include/hip/amd_detail/amd_hip_runtime.h:258 -> <environment-part-root>/.venv/lib/python3.12/site-packages/_rocm_sdk_devel/include/hip/amd_detail/amd_hip_runtime.h:317 -> <walkthrough-root>/code/part2-kernels/chapter8/vector_add_hip.hip:40"
2,13588,"v_mov_b32_e32 v1, 0",4124,4124,0,1806,"<walkthrough-root>/code/part2-kernels/chapter8/vector_add_hip.hip:40"
2,13592,"s_wait_kmcnt 0x0",4124,159748,155624,0,"<environment-part-root>/.venv/lib/python3.12/site-packages/_rocm_sdk_devel/include/hip/amd_detail/amd_hip_runtime.h:258 -> <environment-part-root>/.venv/lib/python3.12/site-packages/_rocm_sdk_devel/include/hip/amd_detail/amd_hip_runtime.h:317 -> <walkthrough-root>/code/part2-kernels/chapter8/vector_add_hip.hip:40"
2,13596,"s_and_b32 s8, s8, 0xffff",4124,4124,0,47,"<environment-part-root>/.venv/lib/python3.12/site-packages/_rocm_sdk_devel/include/hip/amd_detail/amd_hip_runtime.h:258 -> <environment-part-root>/.venv/lib/python3.12/site-packages/_rocm_sdk_devel/include/hip/amd_detail/amd_hip_runtime.h:317 -> <walkthrough-root>/code/part2-kernels/chapter8/vector_add_hip.hip:40"
2,13604,"s_delay_alu instid0(VALU_DEP_1) | instid1(SALU_CYCLE_1)",0,0,0,0,"<environment-part-root>/.venv/lib/python3.12/site-packages/_rocm_sdk_devel/include/hip/amd_detail/amd_hip_runtime.h:258 -> <environment-part-root>/.venv/lib/python3.12/site-packages/_rocm_sdk_devel/include/hip/amd_detail/amd_hip_runtime.h:317 -> <walkthrough-root>/code/part2-kernels/chapter8/vector_add_hip.hip:40"
2,13608,"v_mad_co_u64_u32 v[0:1], null, s8, ttmp9, v[0:1]",4124,16496,0,34124,"<walkthrough-root>/code/part2-kernels/chapter8/vector_add_hip.hip:40"
2,13616,"s_delay_alu instid0(VALU_DEP_1)",0,0,0,0,"<walkthrough-root>/code/part2-kernels/chapter8/vector_add_hip.hip:40"
2,13620,"v_cmp_gt_u64_e32 vcc_lo, s[6:7], v[0:1]",4124,8248,0,17131,"<walkthrough-root>/code/part2-kernels/chapter8/vector_add_hip.hip:41"
2,13624,"s_and_saveexec_b32 s6, vcc_lo",4124,4124,0,62166,"<walkthrough-root>/code/part2-kernels/chapter8/vector_add_hip.hip:41"
2,13628,"s_cbranch_execz 27",4124,4124,0,32920,"<walkthrough-root>/code/part2-kernels/chapter8/vector_add_hip.hip:41"
2,13632,"v_lshlrev_b64_e32 v[0:1], 2, v[0:1]",4124,8248,0,9557,"<walkthrough-root>/code/part2-kernels/chapter8/vector_add_hip.hip:?"
2,13636,"s_delay_alu instid0(VALU_DEP_1) | instskip(NEXT) | instid1(VALU_DEP_1)",0,0,0,0,"<walkthrough-root>/code/part2-kernels/chapter8/vector_add_hip.hip:?"
2,13640,"v_add_co_u32 v2, vcc_lo, s0, v0",4124,4124,0,16613,"<walkthrough-root>/code/part2-kernels/chapter8/vector_add_hip.hip:?"
2,13648,"v_add_co_ci_u32_e64 v3, null, s1, v1, vcc_lo",4124,5267,1143,16446,"<walkthrough-root>/code/part2-kernels/chapter8/vector_add_hip.hip:?"
2,13656,"v_add_co_u32 v4, vcc_lo, s2, v0",4124,4124,0,71,"<walkthrough-root>/code/part2-kernels/chapter8/vector_add_hip.hip:?"
2,13664,"s_wait_alu depctr_va_vcc(0)",0,0,0,0,"<walkthrough-root>/code/part2-kernels/chapter8/vector_add_hip.hip:?"
2,13668,"v_add_co_ci_u32_e64 v5, null, s3, v1, vcc_lo",4124,4124,0,66921,"<walkthrough-root>/code/part2-kernels/chapter8/vector_add_hip.hip:?"
2,13676,"global_load_b32 v2, v[2:3], off",4124,8255,7,61975,"<walkthrough-root>/code/part2-kernels/chapter8/vector_add_hip.hip:42"
2,13688,"global_load_b32 v3, v[4:5], off",4124,8248,0,0,"<walkthrough-root>/code/part2-kernels/chapter8/vector_add_hip.hip:42"
2,13700,"v_add_co_u32 v0, vcc_lo, s4, v0",4124,4124,0,34588,"<walkthrough-root>/code/part2-kernels/chapter8/vector_add_hip.hip:42"
2,13708,"s_wait_alu depctr_va_vcc(0)",0,0,0,0,"<walkthrough-root>/code/part2-kernels/chapter8/vector_add_hip.hip:42"
2,13712,"v_add_co_ci_u32_e64 v1, null, s5, v1, vcc_lo",4124,4124,0,62432,"<walkthrough-root>/code/part2-kernels/chapter8/vector_add_hip.hip:42"
2,13720,"s_wait_loadcnt 0x0",4124,11111887,11107763,0,"<walkthrough-root>/code/part2-kernels/chapter8/vector_add_hip.hip:42"
2,13724,"v_add_f32_e32 v2, v2, v3",4124,4124,0,124,"<walkthrough-root>/code/part2-kernels/chapter8/vector_add_hip.hip:42"
2,13728,"global_store_b32 v[0:1], v2, off",4124,12372,0,65950,"<walkthrough-root>/code/part2-kernels/chapter8/vector_add_hip.hip:42"
2,13740,"s_endpgm",4124,1481481,0,0,"<walkthrough-root>/code/part2-kernels/chapter8/vector_add_hip.hip:44"
