process,size,block,input,seed,version,interval,samples,median_ms,minimum_ms,maximum_ms
results/mapping-20260919/samples/bench-1024-p1.csv,1024,256,random,20260919,compacted,partial,50,0.0108399997,0.0106800003,0.0111199999
results/mapping-20260919/samples/bench-1024-p1.csv,1024,256,random,20260919,compacted,two-stage,50,0.01580049935,0.0156399999,0.0204799995
results/mapping-20260919/samples/bench-1024-p1.csv,1024,256,random,20260919,interleaved,partial,50,0.01088,0.0099600004,0.0118399998
results/mapping-20260919/samples/bench-1024-p1.csv,1024,256,random,20260919,interleaved,two-stage,50,0.0158399995,0.0155999996,0.0162400007
results/mapping-20260919/samples/bench-1024-p1.csv,1024,256,random,20260919,sequential,partial,50,0.01076,0.0105609996,0.0110799996
results/mapping-20260919/samples/bench-1024-p1.csv,1024,256,random,20260919,sequential,two-stage,50,0.0156800002,0.0155199999,0.0163199995
results/mapping-20260919/samples/bench-1024-p2.csv,1024,256,random,20260919,compacted,partial,50,0.0108399997,0.0105999997,0.0111999996
results/mapping-20260919/samples/bench-1024-p2.csv,1024,256,random,20260919,compacted,two-stage,50,0.0157600008,0.0155999996,0.0218410008
results/mapping-20260919/samples/bench-1024-p2.csv,1024,256,random,20260919,interleaved,partial,50,0.010860499950000001,0.0104400003,0.0115999999
results/mapping-20260919/samples/bench-1024-p2.csv,1024,256,random,20260919,interleaved,two-stage,50,0.0158009995,0.0155999996,0.0162000004
results/mapping-20260919/samples/bench-1024-p2.csv,1024,256,random,20260919,sequential,partial,50,0.0107199997,0.01052,0.0112410001
results/mapping-20260919/samples/bench-1024-p2.csv,1024,256,random,20260919,sequential,two-stage,50,0.0156399999,0.0155210001,0.01664
results/mapping-20260919/samples/bench-1024-p3.csv,1024,256,random,20260919,compacted,partial,50,0.0108399997,0.0106800003,0.0115599995
results/mapping-20260919/samples/bench-1024-p3.csv,1024,256,random,20260919,compacted,two-stage,50,0.0157999992,0.0155999996,0.0216809995
results/mapping-20260919/samples/bench-1024-p3.csv,1024,256,random,20260919,interleaved,partial,50,0.01085999985,0.0104,0.0124000004
results/mapping-20260919/samples/bench-1024-p3.csv,1024,256,random,20260919,interleaved,two-stage,50,0.0158399995,0.0156410001,0.0169200003
results/mapping-20260919/samples/bench-1024-p3.csv,1024,256,random,20260919,sequential,partial,50,0.0107199997,0.0105600003,0.0110409996
results/mapping-20260919/samples/bench-1024-p3.csv,1024,256,random,20260919,sequential,two-stage,50,0.01570050045,0.0154809998,0.0286810007
results/mapping-20260919/samples/bench-1048576-p1.csv,1048576,256,random,20260919,compacted,partial,50,0.0372009985,0.0370000005,0.0430009998
results/mapping-20260919/samples/bench-1048576-p1.csv,1048576,256,random,20260919,compacted,two-stage,50,0.0462410003,0.045880001,0.0468810014
results/mapping-20260919/samples/bench-1048576-p1.csv,1048576,256,random,20260919,interleaved,partial,50,0.0368399993,0.0364799984,0.0380799994
results/mapping-20260919/samples/bench-1048576-p1.csv,1048576,256,random,20260919,interleaved,two-stage,50,0.0459210016,0.0454410017,0.046441
results/mapping-20260919/samples/bench-1048576-p1.csv,1048576,256,random,20260919,sequential,partial,50,0.0335609987,0.0333600007,0.0340409987
results/mapping-20260919/samples/bench-1048576-p1.csv,1048576,256,random,20260919,sequential,two-stage,50,0.04262099975,0.0422409996,0.0430799983
results/mapping-20260919/samples/bench-1048576-p2.csv,1048576,256,random,20260919,compacted,partial,50,0.0371610001,0.0370000005,0.0426810011
results/mapping-20260919/samples/bench-1048576-p2.csv,1048576,256,random,20260919,compacted,two-stage,50,0.0461609997,0.0458809994,0.0466809981
results/mapping-20260919/samples/bench-1048576-p2.csv,1048576,256,random,20260919,interleaved,partial,50,0.0368800014,0.0362409987,0.0379199982
results/mapping-20260919/samples/bench-1048576-p2.csv,1048576,256,random,20260919,interleaved,two-stage,50,0.04592050055,0.0455200002,0.0465210006
results/mapping-20260919/samples/bench-1048576-p2.csv,1048576,256,random,20260919,sequential,partial,50,0.0334809981,0.0332800001,0.0341599993
results/mapping-20260919/samples/bench-1048576-p2.csv,1048576,256,random,20260919,sequential,two-stage,50,0.04254000075,0.0422809981,0.0431200005
results/mapping-20260919/samples/bench-1048576-p3.csv,1048576,256,random,20260919,compacted,partial,50,0.0369610004,0.0365610011,0.042679999
results/mapping-20260919/samples/bench-1048576-p3.csv,1048576,256,random,20260919,compacted,two-stage,50,0.045961,0.0452009998,0.046560999
results/mapping-20260919/samples/bench-1048576-p3.csv,1048576,256,random,20260919,interleaved,partial,50,0.0366810001,0.0362409987,0.0373999998
results/mapping-20260919/samples/bench-1048576-p3.csv,1048576,256,random,20260919,interleaved,two-stage,50,0.04564050025,0.0449999981,0.0460800007
results/mapping-20260919/samples/bench-1048576-p3.csv,1048576,256,random,20260919,sequential,partial,50,0.0333609991,0.0329210013,0.0341599993
results/mapping-20260919/samples/bench-1048576-p3.csv,1048576,256,random,20260919,sequential,two-stage,50,0.042300999150000004,0.0417210013,0.0429209992
results/mapping-20260919/samples/bench-16777216-p1.csv,16777216,256,random,20260919,compacted,partial,50,0.441666007,0.431966007,0.458085984
results/mapping-20260919/samples/bench-16777216-p1.csv,16777216,256,random,20260919,compacted,two-stage,50,0.5164469780000001,0.505726993,0.855970979
results/mapping-20260919/samples/bench-16777216-p1.csv,16777216,256,random,20260919,interleaved,partial,50,0.4380459935,0.428086996,0.454046011
results/mapping-20260919/samples/bench-16777216-p1.csv,16777216,256,random,20260919,interleaved,two-stage,50,0.5116870105,0.500846982,0.52916801
results/mapping-20260919/samples/bench-16777216-p1.csv,16777216,256,random,20260919,sequential,partial,50,0.39866550300000003,0.391925991,0.410084993
results/mapping-20260919/samples/bench-16777216-p1.csv,16777216,256,random,20260919,sequential,two-stage,50,0.4729065,0.465927005,0.489046007
results/mapping-20260919/samples/bench-16777216-p2.csv,16777216,256,random,20260919,compacted,partial,50,0.4371059985,0.431086004,0.448886991
results/mapping-20260919/samples/bench-16777216-p2.csv,16777216,256,random,20260919,compacted,two-stage,50,0.510366976,0.504006982,0.52344799
results/mapping-20260919/samples/bench-16777216-p2.csv,16777216,256,random,20260919,interleaved,partial,50,0.436585993,0.427365988,0.445125997
results/mapping-20260919/samples/bench-16777216-p2.csv,16777216,256,random,20260919,interleaved,two-stage,50,0.510867,0.500167012,0.520168006
results/mapping-20260919/samples/bench-16777216-p2.csv,16777216,256,random,20260919,sequential,partial,50,0.396365002,0.388285011,0.404085994
results/mapping-20260919/samples/bench-16777216-p2.csv,16777216,256,random,20260919,sequential,two-stage,50,0.469945997,0.461165994,0.769490004
results/mapping-20260919/samples/bench-16777216-p3.csv,16777216,256,random,20260919,compacted,partial,50,0.44164548800000003,0.430644989,0.782410979
results/mapping-20260919/samples/bench-16777216-p3.csv,16777216,256,random,20260919,compacted,two-stage,50,0.515866995,0.505125999,0.62272799
results/mapping-20260919/samples/bench-16777216-p3.csv,16777216,256,random,20260919,interleaved,partial,50,0.44128599749999997,0.426845998,0.452845991
results/mapping-20260919/samples/bench-16777216-p3.csv,16777216,256,random,20260919,interleaved,two-stage,50,0.5169859830000001,0.501487017,0.528207004
results/mapping-20260919/samples/bench-16777216-p3.csv,16777216,256,random,20260919,sequential,partial,50,0.4015849975,0.389564991,0.411006004
results/mapping-20260919/samples/bench-16777216-p3.csv,16777216,256,random,20260919,sequential,two-stage,50,0.474566013,0.462285995,0.488965988
results/mapping-20260919/samples/bench-65536-p1.csv,65536,256,random,20260919,compacted,partial,50,0.0226404993,0.0222810004,0.0284809992
results/mapping-20260919/samples/bench-65536-p1.csv,65536,256,random,20260919,compacted,two-stage,50,0.027499999849999998,0.0272000004,0.0283599999
results/mapping-20260919/samples/bench-65536-p1.csv,65536,256,random,20260919,interleaved,partial,50,0.0226799995,0.0219999999,0.0233200006
results/mapping-20260919/samples/bench-65536-p1.csv,65536,256,random,20260919,interleaved,two-stage,50,0.0275599994,0.0272000004,0.0295199994
results/mapping-20260919/samples/bench-65536-p1.csv,65536,256,random,20260919,sequential,partial,50,0.0226404993,0.0223200005,0.022961
results/mapping-20260919/samples/bench-65536-p1.csv,65536,256,random,20260919,sequential,two-stage,50,0.027560499500000002,0.0272000004,0.0286800005
results/mapping-20260919/samples/bench-65536-p2.csv,65536,256,random,20260919,compacted,partial,50,0.0227199998,0.0223600008,0.0284000002
results/mapping-20260919/samples/bench-65536-p2.csv,65536,256,random,20260919,compacted,two-stage,50,0.027620499950000002,0.027240999,0.0283199996
results/mapping-20260919/samples/bench-65536-p2.csv,65536,256,random,20260919,interleaved,partial,50,0.0227199998,0.0223999992,0.0233999994
results/mapping-20260919/samples/bench-65536-p2.csv,65536,256,random,20260919,interleaved,two-stage,50,0.0276405001,0.0272400007,0.0282809995
results/mapping-20260919/samples/bench-65536-p2.csv,65536,256,random,20260919,sequential,partial,50,0.0227199998,0.0223600008,0.0230800007
results/mapping-20260919/samples/bench-65536-p2.csv,65536,256,random,20260919,sequential,two-stage,50,0.02758049965,0.0273599997,0.0286010001
results/mapping-20260919/samples/bench-65536-p3.csv,65536,256,random,20260919,compacted,partial,50,0.0226399992,0.0223200005,0.0281600002
results/mapping-20260919/samples/bench-65536-p3.csv,65536,256,random,20260919,compacted,two-stage,50,0.0275999997,0.0271199998,0.071401
results/mapping-20260919/samples/bench-65536-p3.csv,65536,256,random,20260919,interleaved,partial,50,0.02270049975,0.0211599991,0.0241999999
results/mapping-20260919/samples/bench-65536-p3.csv,65536,256,random,20260919,interleaved,two-stage,50,0.027620499950000002,0.0272000004,0.0288399998
results/mapping-20260919/samples/bench-65536-p3.csv,65536,256,random,20260919,sequential,partial,50,0.0226799995,0.0223200005,0.0233210009
results/mapping-20260919/samples/bench-65536-p3.csv,65536,256,random,20260919,sequential,two-stage,50,0.0276009999,0.0272400007,0.0285209995
