size,block,input,seed,version,interval,process_count,median_of_process_medians_ms,minimum_process_median_ms,maximum_process_median_ms
1024,256,random,20260919,compacted,partial,3,0.0108399997,0.0108399997,0.0108399997
1024,256,random,20260919,compacted,two-stage,3,0.0157999992,0.0157600008,0.01580049935
1024,256,random,20260919,interleaved,partial,3,0.010860499950000001,0.01085999985,0.01088
1024,256,random,20260919,interleaved,two-stage,3,0.0158399995,0.0158009995,0.0158399995
1024,256,random,20260919,sequential,partial,3,0.0107199997,0.0107199997,0.01076
1024,256,random,20260919,sequential,two-stage,3,0.0156800002,0.0156399999,0.01570050045
65536,256,random,20260919,compacted,partial,3,0.0226404993,0.0226399992,0.0227199998
65536,256,random,20260919,compacted,two-stage,3,0.0275999997,0.027499999849999998,0.027620499950000002
65536,256,random,20260919,interleaved,partial,3,0.02270049975,0.0226799995,0.0227199998
65536,256,random,20260919,interleaved,two-stage,3,0.027620499950000002,0.0275599994,0.0276405001
65536,256,random,20260919,sequential,partial,3,0.0226799995,0.0226404993,0.0227199998
65536,256,random,20260919,sequential,two-stage,3,0.02758049965,0.027560499500000002,0.0276009999
1048576,256,random,20260919,compacted,partial,3,0.0371610001,0.0369610004,0.0372009985
1048576,256,random,20260919,compacted,two-stage,3,0.0461609997,0.045961,0.0462410003
1048576,256,random,20260919,interleaved,partial,3,0.0368399993,0.0366810001,0.0368800014
1048576,256,random,20260919,interleaved,two-stage,3,0.04592050055,0.04564050025,0.0459210016
1048576,256,random,20260919,sequential,partial,3,0.0334809981,0.0333609991,0.0335609987
1048576,256,random,20260919,sequential,two-stage,3,0.04254000075,0.042300999150000004,0.04262099975
16777216,256,random,20260919,compacted,partial,3,0.44164548800000003,0.4371059985,0.441666007
16777216,256,random,20260919,compacted,two-stage,3,0.515866995,0.510366976,0.5164469780000001
16777216,256,random,20260919,interleaved,partial,3,0.4380459935,0.436585993,0.44128599749999997
16777216,256,random,20260919,interleaved,two-stage,3,0.5116870105,0.510867,0.5169859830000001
16777216,256,random,20260919,sequential,partial,3,0.39866550300000003,0.396365002,0.4015849975
16777216,256,random,20260919,sequential,two-stage,3,0.4729065,0.469945997,0.474566013
