"Kind","Agent_Id","Queue_Id","Stream_Id","Thread_Id","Dispatch_Id","Kernel_Id","Kernel_Name","Correlation_Id","Start_Timestamp","End_Timestamp","LDS_Block_Size","Scratch_Size","VGPR_Count","Accum_VGPR_Count","SGPR_Count","Workgroup_Size_X","Workgroup_Size_Y","Workgroup_Size_Z","Grid_Size_X","Grid_Size_Y","Grid_Size_Z"
"KERNEL_DISPATCH","Agent 1",1,0,1214096,1,17,"__amd_rocclr_fillBufferUnAligned",1,886499248421951,886499248430551,0,0,8,0,128,256,1,1,8192,1,1
"KERNEL_DISPATCH","Agent 1",1,0,1214096,2,20,"void (anonymous namespace)::matmul_tiled<16u>(float const*, float const*, float*, unsigned long, unsigned long, unsigned long)",2,886499260231208,886499261681822,2048,0,56,0,128,16,16,1,1024,1024,1
"KERNEL_DISPATCH","Agent 1",1,0,1214096,3,20,"void (anonymous namespace)::matmul_tiled<16u>(float const*, float const*, float*, unsigned long, unsigned long, unsigned long)",3,886499274217367,886499275671261,2048,0,56,0,128,16,16,1,1024,1024,1
"KERNEL_DISPATCH","Agent 1",1,0,1214096,4,20,"void (anonymous namespace)::matmul_tiled<16u>(float const*, float const*, float*, unsigned long, unsigned long, unsigned long)",4,886499275675342,886499277124996,2048,0,56,0,128,16,16,1,1024,1024,1
"KERNEL_DISPATCH","Agent 1",1,0,1214096,5,20,"void (anonymous namespace)::matmul_tiled<16u>(float const*, float const*, float*, unsigned long, unsigned long, unsigned long)",5,886499277129596,886499278564489,2048,0,56,0,128,16,16,1,1024,1024,1
"KERNEL_DISPATCH","Agent 1",1,0,1214096,6,20,"void (anonymous namespace)::matmul_tiled<16u>(float const*, float const*, float*, unsigned long, unsigned long, unsigned long)",6,886499278569010,886499279973541,2048,0,56,0,128,16,16,1,1024,1024,1
"KERNEL_DISPATCH","Agent 1",1,0,1214096,7,20,"void (anonymous namespace)::matmul_tiled<16u>(float const*, float const*, float*, unsigned long, unsigned long, unsigned long)",7,886499279978101,886499281359751,2048,0,56,0,128,16,16,1,1024,1024,1
"KERNEL_DISPATCH","Agent 1",1,0,1214096,8,20,"void (anonymous namespace)::matmul_tiled<16u>(float const*, float const*, float*, unsigned long, unsigned long, unsigned long)",8,886499292212376,886499293665391,2048,0,56,0,128,16,16,1,1024,1024,1
"KERNEL_DISPATCH","Agent 1",1,0,1214096,9,20,"void (anonymous namespace)::matmul_tiled<16u>(float const*, float const*, float*, unsigned long, unsigned long, unsigned long)",9,886499293680919,886499295127053,2048,0,56,0,128,16,16,1,1024,1024,1
"KERNEL_DISPATCH","Agent 1",1,0,1214096,10,20,"void (anonymous namespace)::matmul_tiled<16u>(float const*, float const*, float*, unsigned long, unsigned long, unsigned long)",10,886499295142053,886499296587667,2048,0,56,0,128,16,16,1,1024,1024,1
"KERNEL_DISPATCH","Agent 1",1,0,1214096,12,20,"void (anonymous namespace)::matmul_tiled<16u>(float const*, float const*, float*, unsigned long, unsigned long, unsigned long)",12,886499298062043,886499299503136,2048,0,56,0,128,16,16,1,1024,1024,1
"KERNEL_DISPATCH","Agent 1",1,0,1214096,13,20,"void (anonymous namespace)::matmul_tiled<16u>(float const*, float const*, float*, unsigned long, unsigned long, unsigned long)",13,886499299518017,886499300959591,2048,0,56,0,128,16,16,1,1024,1024,1
"KERNEL_DISPATCH","Agent 1",1,0,1214096,14,20,"void (anonymous namespace)::matmul_tiled<16u>(float const*, float const*, float*, unsigned long, unsigned long, unsigned long)",14,886499300974472,886499302405525,2048,0,56,0,128,16,16,1,1024,1024,1
"KERNEL_DISPATCH","Agent 1",1,0,1214096,11,20,"void (anonymous namespace)::matmul_tiled<16u>(float const*, float const*, float*, unsigned long, unsigned long, unsigned long)",11,886499296602428,886499298047282,2048,0,56,0,128,16,16,1,1024,1024,1
"KERNEL_DISPATCH","Agent 1",1,0,1214096,15,20,"void (anonymous namespace)::matmul_tiled<16u>(float const*, float const*, float*, unsigned long, unsigned long, unsigned long)",15,886499302420286,886499303824658,2048,0,56,0,128,16,16,1,1024,1024,1
"KERNEL_DISPATCH","Agent 1",1,0,1214096,16,20,"void (anonymous namespace)::matmul_tiled<16u>(float const*, float const*, float*, unsigned long, unsigned long, unsigned long)",16,886499303839298,886499305216628,2048,0,56,0,128,16,16,1,1024,1024,1
"KERNEL_DISPATCH","Agent 1",1,0,1214096,17,20,"void (anonymous namespace)::matmul_tiled<16u>(float const*, float const*, float*, unsigned long, unsigned long, unsigned long)",17,886499305231669,886499306590357,2048,0,56,0,128,16,16,1,1024,1024,1
