config_id,implementation,runtime,shape,rows,cols,launches,input_precision,block,block_threads,block_size,rows_per_program,num_warps,grid,dtype,warmup,repeat,seed,scope,input,input_mode,epsilon,reference,atol,rtol,process,sample_count,min_ms,median_ms,max_ms,mean_ms,correct,max_abs_error,max_rel_error,sample_file,log_file
hip-block-b128,hip-block,hip,128x1024,128,1024,1,fp32,128,128,NA,NA,NA,128,float32,10,50,20260920,gpu-event-full-operator,rmsnorm-dyadic-v1,normal,9.999999747378752e-06,cpu-fp64-to-fp32,2e-05,2e-05,1,50,0.015440000221133232,0.01568000018596649,0.01711999997496605,0.01572089985013008,OK,2.384185791015625e-07,2.1531675085731057e-07,samples/n128x1024-hip-block-b128-p1.csv,logs/n128x1024-hip-block-b128-p1.log
hip-block-b128,hip-block,hip,128x1024,128,1024,1,fp32,128,128,NA,NA,NA,128,float32,10,50,20260920,gpu-event-full-operator,rmsnorm-dyadic-v1,normal,9.999999747378752e-06,cpu-fp64-to-fp32,2e-05,2e-05,2,50,0.015479999594390392,0.01576000079512596,0.028000999242067337,0.01597527986392379,OK,2.384185791015625e-07,2.1531675085731057e-07,samples/n128x1024-hip-block-b128-p2.csv,logs/n128x1024-hip-block-b128-p2.log
hip-block-b128,hip-block,hip,128x1024,128,1024,1,fp32,128,128,NA,NA,NA,128,float32,10,50,20260920,gpu-event-full-operator,rmsnorm-dyadic-v1,normal,9.999999747378752e-06,cpu-fp64-to-fp32,2e-05,2e-05,3,50,0.015359999611973763,0.015720000490546227,0.015881000086665154,0.01571291998028755,OK,2.384185791015625e-07,2.1531675085731057e-07,samples/n128x1024-hip-block-b128-p3.csv,logs/n128x1024-hip-block-b128-p3.log
hip-block-b256,hip-block,hip,128x1024,128,1024,1,fp32,256,256,NA,NA,NA,128,float32,10,50,20260920,gpu-event-full-operator,rmsnorm-dyadic-v1,normal,9.999999747378752e-06,cpu-fp64-to-fp32,2e-05,2e-05,1,50,0.013439999893307686,0.01372000016272068,0.013921000063419342,0.01370183989405632,OK,2.384185791015625e-07,2.1531675085731057e-07,samples/n128x1024-hip-block-b256-p1.csv,logs/n128x1024-hip-block-b256-p1.log
hip-block-b256,hip-block,hip,128x1024,128,1024,1,fp32,256,256,NA,NA,NA,128,float32,10,50,20260920,gpu-event-full-operator,rmsnorm-dyadic-v1,normal,9.999999747378752e-06,cpu-fp64-to-fp32,2e-05,2e-05,2,50,0.01336000021547079,0.01361999986693263,0.013919999822974205,0.01360803984105587,OK,2.384185791015625e-07,2.1531675085731057e-07,samples/n128x1024-hip-block-b256-p2.csv,logs/n128x1024-hip-block-b256-p2.log
hip-block-b256,hip-block,hip,128x1024,128,1024,1,fp32,256,256,NA,NA,NA,128,float32,10,50,20260920,gpu-event-full-operator,rmsnorm-dyadic-v1,normal,9.999999747378752e-06,cpu-fp64-to-fp32,2e-05,2e-05,3,50,0.013441000133752823,0.013720500282943249,0.014360999688506126,0.013777779918164014,OK,2.384185791015625e-07,2.1531675085731057e-07,samples/n128x1024-hip-block-b256-p3.csv,logs/n128x1024-hip-block-b256-p3.log
hip-block-b64,hip-block,hip,128x1024,128,1024,1,fp32,64,64,NA,NA,NA,128,float32,10,50,20260920,gpu-event-full-operator,rmsnorm-dyadic-v1,normal,9.999999747378752e-06,cpu-fp64-to-fp32,2e-05,2e-05,1,50,0.019680000841617584,0.019920000806450844,0.02019999921321869,0.019926540069282055,OK,2.384185791015625e-07,2.1531675085731057e-07,samples/n128x1024-hip-block-b64-p1.csv,logs/n128x1024-hip-block-b64-p1.log
hip-block-b64,hip-block,hip,128x1024,128,1024,1,fp32,64,64,NA,NA,NA,128,float32,10,50,20260920,gpu-event-full-operator,rmsnorm-dyadic-v1,normal,9.999999747378752e-06,cpu-fp64-to-fp32,2e-05,2e-05,2,50,0.019759999588131905,0.0200399998575449,0.020320000126957893,0.020031279996037484,OK,2.384185791015625e-07,2.1531675085731057e-07,samples/n128x1024-hip-block-b64-p2.csv,logs/n128x1024-hip-block-b64-p2.log
hip-block-b64,hip-block,hip,128x1024,128,1024,1,fp32,64,64,NA,NA,NA,128,float32,10,50,20260920,gpu-event-full-operator,rmsnorm-dyadic-v1,normal,9.999999747378752e-06,cpu-fp64-to-fp32,2e-05,2e-05,3,50,0.01971999928355217,0.0200204998254776,0.022120000794529915,0.020198559984564782,OK,2.384185791015625e-07,2.1531675085731057e-07,samples/n128x1024-hip-block-b64-p3.csv,logs/n128x1024-hip-block-b64-p3.log
triton-r1-w4,triton-configured,triton,128x1024,128,1024,1,fp32,NA,NA,1024,1,4,128,float32,10,50,20260920,gpu-event-full-operator,rmsnorm-dyadic-v1,normal,9.999999747378752e-06,cpu-fp64-to-fp32,2e-05,2e-05,1,50,0.01080000028014183,0.011479999870061874,0.04788000136613846,0.012640859968960284,OK,2.38418579e-07,2.15316751e-07,samples/n128x1024-triton-r1-w4-p1.csv,logs/n128x1024-triton-r1-w4-p1.log
triton-r1-w4,triton-configured,triton,128x1024,128,1024,1,fp32,NA,NA,1024,1,4,128,float32,10,50,20260920,gpu-event-full-operator,rmsnorm-dyadic-v1,normal,9.999999747378752e-06,cpu-fp64-to-fp32,2e-05,2e-05,2,50,0.010759999975562096,0.011479999870061874,0.06443999707698822,0.013488079849630595,OK,2.38418579e-07,2.15316751e-07,samples/n128x1024-triton-r1-w4-p2.csv,logs/n128x1024-triton-r1-w4-p2.log
triton-r1-w4,triton-configured,triton,128x1024,128,1024,1,fp32,NA,NA,1024,1,4,128,float32,10,50,20260920,gpu-event-full-operator,rmsnorm-dyadic-v1,normal,9.999999747378752e-06,cpu-fp64-to-fp32,2e-05,2e-05,3,50,0.0106800002977252,0.01143999956548214,0.03060000017285347,0.012157699912786485,OK,2.38418579e-07,2.15316751e-07,samples/n128x1024-triton-r1-w4-p3.csv,logs/n128x1024-triton-r1-w4-p3.log
triton-r1-w8,triton-configured,triton,128x1024,128,1024,1,fp32,NA,NA,1024,1,8,128,float32,10,50,20260920,gpu-event-full-operator,rmsnorm-dyadic-v1,normal,9.999999747378752e-06,cpu-fp64-to-fp32,2e-05,2e-05,1,50,0.010680999606847763,0.01141999987885356,0.0629199966788292,0.013400839883834123,OK,2.38418579e-07,2.15316751e-07,samples/n128x1024-triton-r1-w8-p1.csv,logs/n128x1024-triton-r1-w8-p1.log
triton-r1-w8,triton-configured,triton,128x1024,128,1024,1,fp32,NA,NA,1024,1,8,128,float32,10,50,20260920,gpu-event-full-operator,rmsnorm-dyadic-v1,normal,9.999999747378752e-06,cpu-fp64-to-fp32,2e-05,2e-05,2,50,0.0106800002977252,0.010999999940395355,0.034279998391866684,0.012349719926714898,OK,2.38418579e-07,2.15316751e-07,samples/n128x1024-triton-r1-w8-p2.csv,logs/n128x1024-triton-r1-w8-p2.log
triton-r1-w8,triton-configured,triton,128x1024,128,1024,1,fp32,NA,NA,1024,1,8,128,float32,10,50,20260920,gpu-event-full-operator,rmsnorm-dyadic-v1,normal,9.999999747378752e-06,cpu-fp64-to-fp32,2e-05,2e-05,3,50,0.010680999606847763,0.01140000019222498,0.06436000019311905,0.013325499966740609,OK,2.38418579e-07,2.15316751e-07,samples/n128x1024-triton-r1-w8-p3.csv,logs/n128x1024-triton-r1-w8-p3.log
hip-block-b128,hip-block,hip,4096x1024,4096,1024,1,fp32,128,128,NA,NA,NA,4096,float32,10,50,20260920,gpu-event-full-operator,rmsnorm-dyadic-v1,normal,9.999999747378752e-06,cpu-fp64-to-fp32,2e-05,2e-05,1,50,0.06852000206708908,0.06910049915313721,0.2329619973897934,0.0724932998418808,OK,2.384185791015625e-07,2.1531675085731057e-07,samples/n4096x1024-hip-block-b128-p1.csv,logs/n4096x1024-hip-block-b128-p1.log
hip-block-b128,hip-block,hip,4096x1024,4096,1024,1,fp32,128,128,NA,NA,NA,4096,float32,10,50,20260920,gpu-event-full-operator,rmsnorm-dyadic-v1,normal,9.999999747378752e-06,cpu-fp64-to-fp32,2e-05,2e-05,2,50,0.0697999969124794,0.07080099731683731,0.2836819887161255,0.08199667960405349,OK,2.384185791015625e-07,2.1531675085731057e-07,samples/n4096x1024-hip-block-b128-p2.csv,logs/n4096x1024-hip-block-b128-p2.log
hip-block-b128,hip-block,hip,4096x1024,4096,1024,1,fp32,128,128,NA,NA,NA,4096,float32,10,50,20260920,gpu-event-full-operator,rmsnorm-dyadic-v1,normal,9.999999747378752e-06,cpu-fp64-to-fp32,2e-05,2e-05,3,50,0.06859999895095825,0.06986049935221672,0.07056000083684921,0.06980283945798874,OK,2.384185791015625e-07,2.1531675085731057e-07,samples/n4096x1024-hip-block-b128-p3.csv,logs/n4096x1024-hip-block-b128-p3.log
hip-block-b256,hip-block,hip,4096x1024,4096,1024,1,fp32,256,256,NA,NA,NA,4096,float32,10,50,20260920,gpu-event-full-operator,rmsnorm-dyadic-v1,normal,9.999999747378752e-06,cpu-fp64-to-fp32,2e-05,2e-05,1,50,0.07468099892139435,0.07607999816536903,0.2894420027732849,0.08877253964543343,OK,2.384185791015625e-07,2.1531675085731057e-07,samples/n4096x1024-hip-block-b256-p1.csv,logs/n4096x1024-hip-block-b256-p1.log
hip-block-b256,hip-block,hip,4096x1024,4096,1024,1,fp32,256,256,NA,NA,NA,4096,float32,10,50,20260920,gpu-event-full-operator,rmsnorm-dyadic-v1,normal,9.999999747378752e-06,cpu-fp64-to-fp32,2e-05,2e-05,2,50,0.07487999647855759,0.07566050067543983,0.298801988363266,0.08085173949599266,OK,2.384185791015625e-07,2.1531675085731057e-07,samples/n4096x1024-hip-block-b256-p2.csv,logs/n4096x1024-hip-block-b256-p2.log
hip-block-b256,hip-block,hip,4096x1024,4096,1024,1,fp32,256,256,NA,NA,NA,4096,float32,10,50,20260920,gpu-event-full-operator,rmsnorm-dyadic-v1,normal,9.999999747378752e-06,cpu-fp64-to-fp32,2e-05,2e-05,3,50,0.07507999986410141,0.07620050013065338,0.3012019991874695,0.08826363950967789,OK,2.384185791015625e-07,2.1531675085731057e-07,samples/n4096x1024-hip-block-b256-p3.csv,logs/n4096x1024-hip-block-b256-p3.log
hip-block-b64,hip-block,hip,4096x1024,4096,1024,1,fp32,64,64,NA,NA,NA,4096,float32,10,50,20260920,gpu-event-full-operator,rmsnorm-dyadic-v1,normal,9.999999747378752e-06,cpu-fp64-to-fp32,2e-05,2e-05,1,50,0.058559998869895935,0.05975999869406223,0.23204100131988525,0.06315709978342056,OK,2.384185791015625e-07,2.1531675085731057e-07,samples/n4096x1024-hip-block-b64-p1.csv,logs/n4096x1024-hip-block-b64-p1.log
hip-block-b64,hip-block,hip,4096x1024,4096,1024,1,fp32,64,64,NA,NA,NA,4096,float32,10,50,20260920,gpu-event-full-operator,rmsnorm-dyadic-v1,normal,9.999999747378752e-06,cpu-fp64-to-fp32,2e-05,2e-05,2,50,0.05848100036382675,0.060000499710440636,0.23284099996089935,0.0634148396551609,OK,2.384185791015625e-07,2.1531675085731057e-07,samples/n4096x1024-hip-block-b64-p2.csv,logs/n4096x1024-hip-block-b64-p2.log
hip-block-b64,hip-block,hip,4096x1024,4096,1024,1,fp32,64,64,NA,NA,NA,4096,float32,10,50,20260920,gpu-event-full-operator,rmsnorm-dyadic-v1,normal,9.999999747378752e-06,cpu-fp64-to-fp32,2e-05,2e-05,3,50,0.05875999853014946,0.059820499271154404,0.06072099879384041,0.05977965995669365,OK,2.384185791015625e-07,2.1531675085731057e-07,samples/n4096x1024-hip-block-b64-p3.csv,logs/n4096x1024-hip-block-b64-p3.log
hip-serial-b256,hip-serial,hip,4096x1024,4096,1024,1,fp32,256,256,NA,NA,NA,16,float32,10,50,20260920,gpu-event-full-operator,rmsnorm-dyadic-v1,normal,9.999999747378752e-06,cpu-fp64-to-fp32,2e-05,2e-05,1,50,0.6339229941368103,0.6706835031509399,0.7250440120697021,0.6723724019527435,OK,2.384185791015625e-07,2.1531675085731057e-07,samples/n4096x1024-hip-serial-b256-p1.csv,logs/n4096x1024-hip-serial-b256-p1.log
hip-serial-b256,hip-serial,hip,4096x1024,4096,1024,1,fp32,256,256,NA,NA,NA,16,float32,10,50,20260920,gpu-event-full-operator,rmsnorm-dyadic-v1,normal,9.999999747378752e-06,cpu-fp64-to-fp32,2e-05,2e-05,2,50,0.6598039865493774,0.6946045160293579,0.7400059700012207,0.6976029372215271,OK,2.384185791015625e-07,2.1531675085731057e-07,samples/n4096x1024-hip-serial-b256-p2.csv,logs/n4096x1024-hip-serial-b256-p2.log
hip-serial-b256,hip-serial,hip,4096x1024,4096,1024,1,fp32,256,256,NA,NA,NA,16,float32,10,50,20260920,gpu-event-full-operator,rmsnorm-dyadic-v1,normal,9.999999747378752e-06,cpu-fp64-to-fp32,2e-05,2e-05,3,50,0.6592829823493958,0.7206445038318634,0.7710040211677551,0.7208923983573914,OK,2.384185791015625e-07,2.1531675085731057e-07,samples/n4096x1024-hip-serial-b256-p3.csv,logs/n4096x1024-hip-serial-b256-p3.log
triton-r1-w4,triton-configured,triton,4096x1024,4096,1024,1,fp32,NA,NA,1024,1,4,4096,float32,10,50,20260920,gpu-event-full-operator,rmsnorm-dyadic-v1,normal,9.999999747378752e-06,cpu-fp64-to-fp32,2e-05,2e-05,1,50,0.03207999840378761,0.03498000092804432,0.2849220037460327,0.04973887979984284,OK,2.38418579e-07,2.15316751e-07,samples/n4096x1024-triton-r1-w4-p1.csv,logs/n4096x1024-triton-r1-w4-p1.log
triton-r1-w4,triton-configured,triton,4096x1024,4096,1024,1,fp32,NA,NA,1024,1,4,4096,float32,10,50,20260920,gpu-event-full-operator,rmsnorm-dyadic-v1,normal,9.999999747378752e-06,cpu-fp64-to-fp32,2e-05,2e-05,2,50,0.03192000091075897,0.03417999856173992,0.28332099318504333,0.043570619374513626,OK,2.38418579e-07,2.15316751e-07,samples/n4096x1024-triton-r1-w4-p2.csv,logs/n4096x1024-triton-r1-w4-p2.log
triton-r1-w4,triton-configured,triton,4096x1024,4096,1024,1,fp32,NA,NA,1024,1,4,4096,float32,10,50,20260920,gpu-event-full-operator,rmsnorm-dyadic-v1,normal,9.999999747378752e-06,cpu-fp64-to-fp32,2e-05,2e-05,3,50,0.03200000151991844,0.03511999920010567,0.24212099611759186,0.04165599964559078,OK,2.38418579e-07,2.15316751e-07,samples/n4096x1024-triton-r1-w4-p3.csv,logs/n4096x1024-triton-r1-w4-p3.log
triton-r1-w8,triton-configured,triton,4096x1024,4096,1024,1,fp32,NA,NA,1024,1,8,4096,float32,10,50,20260920,gpu-event-full-operator,rmsnorm-dyadic-v1,normal,9.999999747378752e-06,cpu-fp64-to-fp32,2e-05,2e-05,1,50,0.030479999259114265,0.033159999176859856,0.2815209925174713,0.04874665968120098,OK,2.38418579e-07,2.15316751e-07,samples/n4096x1024-triton-r1-w8-p1.csv,logs/n4096x1024-triton-r1-w8-p1.log
triton-r1-w8,triton-configured,triton,4096x1024,4096,1024,1,fp32,NA,NA,1024,1,8,4096,float32,10,50,20260920,gpu-event-full-operator,rmsnorm-dyadic-v1,normal,9.999999747378752e-06,cpu-fp64-to-fp32,2e-05,2e-05,2,50,0.03068000078201294,0.03353999927639961,0.284961998462677,0.04402571957558393,OK,2.38418579e-07,2.15316751e-07,samples/n4096x1024-triton-r1-w8-p2.csv,logs/n4096x1024-triton-r1-w8-p2.log
triton-r1-w8,triton-configured,triton,4096x1024,4096,1024,1,fp32,NA,NA,1024,1,8,4096,float32,10,50,20260920,gpu-event-full-operator,rmsnorm-dyadic-v1,normal,9.999999747378752e-06,cpu-fp64-to-fp32,2e-05,2e-05,3,50,0.030959999188780785,0.03332100063562393,0.2464420050382614,0.03886907979846001,OK,2.38418579e-07,2.15316751e-07,samples/n4096x1024-triton-r1-w8-p3.csv,logs/n4096x1024-triton-r1-w8-p3.log
hip-block-b128,hip-block,hip,4096x1025,4096,1025,1,fp32,128,128,NA,NA,NA,4096,float32,10,50,20260920,gpu-event-full-operator,rmsnorm-dyadic-v1,normal,9.999999747378752e-06,cpu-fp64-to-fp32,2e-05,2e-05,1,50,0.06824000179767609,0.07532049715518951,0.24660100042819977,0.07847485959529876,OK,2.384185791015625e-07,2.3199213268279647e-07,samples/n4096x1025-hip-block-b128-p1.csv,logs/n4096x1025-hip-block-b128-p1.log
hip-block-b128,hip-block,hip,4096x1025,4096,1025,1,fp32,128,128,NA,NA,NA,4096,float32,10,50,20260920,gpu-event-full-operator,rmsnorm-dyadic-v1,normal,9.999999747378752e-06,cpu-fp64-to-fp32,2e-05,2e-05,2,50,0.07500000298023224,0.07631999999284744,0.31888100504875183,0.0895947401225567,OK,2.384185791015625e-07,2.3199213268279647e-07,samples/n4096x1025-hip-block-b128-p2.csv,logs/n4096x1025-hip-block-b128-p2.log
hip-block-b128,hip-block,hip,4096x1025,4096,1025,1,fp32,128,128,NA,NA,NA,4096,float32,10,50,20260920,gpu-event-full-operator,rmsnorm-dyadic-v1,normal,9.999999747378752e-06,cpu-fp64-to-fp32,2e-05,2e-05,3,50,0.06772000342607498,0.07637999951839447,0.07728099822998047,0.0757747994363308,OK,2.384185791015625e-07,2.3199213268279647e-07,samples/n4096x1025-hip-block-b128-p3.csv,logs/n4096x1025-hip-block-b128-p3.log
hip-block-b256,hip-block,hip,4096x1025,4096,1025,1,fp32,256,256,NA,NA,NA,4096,float32,10,50,20260920,gpu-event-full-operator,rmsnorm-dyadic-v1,normal,9.999999747378752e-06,cpu-fp64-to-fp32,2e-05,2e-05,1,50,0.08064000308513641,0.08166100084781647,0.27796199917793274,0.08556148007512093,OK,2.384185791015625e-07,2.3199213268279647e-07,samples/n4096x1025-hip-block-b256-p1.csv,logs/n4096x1025-hip-block-b256-p1.log
hip-block-b256,hip-block,hip,4096x1025,4096,1025,1,fp32,256,256,NA,NA,NA,4096,float32,10,50,20260920,gpu-event-full-operator,rmsnorm-dyadic-v1,normal,9.999999747378752e-06,cpu-fp64-to-fp32,2e-05,2e-05,2,50,0.0809210017323494,0.08194049820303917,0.2945620119571686,0.09022542029619217,OK,2.384185791015625e-07,2.3199213268279647e-07,samples/n4096x1025-hip-block-b256-p2.csv,logs/n4096x1025-hip-block-b256-p2.log
hip-block-b256,hip-block,hip,4096x1025,4096,1025,1,fp32,256,256,NA,NA,NA,4096,float32,10,50,20260920,gpu-event-full-operator,rmsnorm-dyadic-v1,normal,9.999999747378752e-06,cpu-fp64-to-fp32,2e-05,2e-05,3,50,0.08088099956512451,0.08202049881219864,0.29416200518608093,0.08617082014679908,OK,2.384185791015625e-07,2.3199213268279647e-07,samples/n4096x1025-hip-block-b256-p3.csv,logs/n4096x1025-hip-block-b256-p3.log
hip-block-b64,hip-block,hip,4096x1025,4096,1025,1,fp32,64,64,NA,NA,NA,4096,float32,10,50,20260920,gpu-event-full-operator,rmsnorm-dyadic-v1,normal,9.999999747378752e-06,cpu-fp64-to-fp32,2e-05,2e-05,1,50,0.06120000034570694,0.062160998582839966,0.2345219999551773,0.06563725993037224,OK,2.384185791015625e-07,2.3199213268279647e-07,samples/n4096x1025-hip-block-b64-p1.csv,logs/n4096x1025-hip-block-b64-p1.log
hip-block-b64,hip-block,hip,4096x1025,4096,1025,1,fp32,64,64,NA,NA,NA,4096,float32,10,50,20260920,gpu-event-full-operator,rmsnorm-dyadic-v1,normal,9.999999747378752e-06,cpu-fp64-to-fp32,2e-05,2e-05,2,50,0.06004000082612038,0.06136050075292587,0.23092100024223328,0.06479785993695258,OK,2.384185791015625e-07,2.3199213268279647e-07,samples/n4096x1025-hip-block-b64-p2.csv,logs/n4096x1025-hip-block-b64-p2.log
hip-block-b64,hip-block,hip,4096x1025,4096,1025,1,fp32,64,64,NA,NA,NA,4096,float32,10,50,20260920,gpu-event-full-operator,rmsnorm-dyadic-v1,normal,9.999999747378752e-06,cpu-fp64-to-fp32,2e-05,2e-05,3,50,0.06148099899291992,0.06314050033688545,0.23260100185871124,0.06642353996634483,OK,2.384185791015625e-07,2.3199213268279647e-07,samples/n4096x1025-hip-block-b64-p3.csv,logs/n4096x1025-hip-block-b64-p3.log
triton-r1-w4,triton-configured,triton,4096x1025,4096,1025,1,fp32,NA,NA,2048,1,4,4096,float32,10,50,20260920,gpu-event-full-operator,rmsnorm-dyadic-v1,normal,9.999999747378752e-06,cpu-fp64-to-fp32,2e-05,2e-05,1,50,0.035440001636743546,0.03830049932003021,0.2749210000038147,0.0531818999350071,OK,2.38418579e-07,2.31992133e-07,samples/n4096x1025-triton-r1-w4-p1.csv,logs/n4096x1025-triton-r1-w4-p1.log
triton-r1-w4,triton-configured,triton,4096x1025,4096,1025,1,fp32,NA,NA,2048,1,4,4096,float32,10,50,20260920,gpu-event-full-operator,rmsnorm-dyadic-v1,normal,9.999999747378752e-06,cpu-fp64-to-fp32,2e-05,2e-05,2,50,0.03531999886035919,0.03748000040650368,0.24112099409103394,0.04390595965087414,OK,2.38418579e-07,2.31992133e-07,samples/n4096x1025-triton-r1-w4-p2.csv,logs/n4096x1025-triton-r1-w4-p2.log
triton-r1-w4,triton-configured,triton,4096x1025,4096,1025,1,fp32,NA,NA,2048,1,4,4096,float32,10,50,20260920,gpu-event-full-operator,rmsnorm-dyadic-v1,normal,9.999999747378752e-06,cpu-fp64-to-fp32,2e-05,2e-05,3,50,0.03531999886035919,0.03732050023972988,0.0493599995970726,0.037680259719491,OK,2.38418579e-07,2.31992133e-07,samples/n4096x1025-triton-r1-w4-p3.csv,logs/n4096x1025-triton-r1-w4-p3.log
triton-r1-w8,triton-configured,triton,4096x1025,4096,1025,1,fp32,NA,NA,2048,1,8,4096,float32,10,50,20260920,gpu-event-full-operator,rmsnorm-dyadic-v1,normal,9.999999747378752e-06,cpu-fp64-to-fp32,2e-05,2e-05,1,50,0.040720000863075256,0.041380500420928,0.2433210015296936,0.051805720031261444,OK,2.38418579e-07,2.31992133e-07,samples/n4096x1025-triton-r1-w8-p1.csv,logs/n4096x1025-triton-r1-w8-p1.log
triton-r1-w8,triton-configured,triton,4096x1025,4096,1025,1,fp32,NA,NA,2048,1,8,4096,float32,10,50,20260920,gpu-event-full-operator,rmsnorm-dyadic-v1,normal,9.999999747378752e-06,cpu-fp64-to-fp32,2e-05,2e-05,2,50,0.04076100140810013,0.04145999997854233,0.24448199570178986,0.04808997981250286,OK,2.38418579e-07,2.31992133e-07,samples/n4096x1025-triton-r1-w8-p2.csv,logs/n4096x1025-triton-r1-w8-p2.log
triton-r1-w8,triton-configured,triton,4096x1025,4096,1025,1,fp32,NA,NA,2048,1,8,4096,float32,10,50,20260920,gpu-event-full-operator,rmsnorm-dyadic-v1,normal,9.999999747378752e-06,cpu-fp64-to-fp32,2e-05,2e-05,3,50,0.04092099890112877,0.04165999963879585,0.2916010022163391,0.057171619832515716,OK,2.38418579e-07,2.31992133e-07,samples/n4096x1025-triton-r1-w8-p3.csv,logs/n4096x1025-triton-r1-w8-p3.log
triton-r1-w4,triton-configured,triton,4096x128,4096,128,1,fp32,NA,NA,128,1,4,4096,float32,10,50,20260920,gpu-event-full-operator,rmsnorm-dyadic-v1,normal,9.999999747378752e-06,cpu-fp64-to-fp32,2e-05,2e-05,1,50,0.017559999600052834,0.018160000443458557,0.04560000076889992,0.01916334006935358,OK,2.38418579e-07,2.10757306e-07,samples/n4096x128-triton-r1-w4-p1.csv,logs/n4096x128-triton-r1-w4-p1.log
triton-r1-w4,triton-configured,triton,4096x128,4096,128,1,fp32,NA,NA,128,1,4,4096,float32,10,50,20260920,gpu-event-full-operator,rmsnorm-dyadic-v1,normal,9.999999747378752e-06,cpu-fp64-to-fp32,2e-05,2e-05,2,50,0.017480000853538513,0.018200000748038292,0.025520000606775284,0.01850731998682022,OK,2.38418579e-07,2.10757306e-07,samples/n4096x128-triton-r1-w4-p2.csv,logs/n4096x128-triton-r1-w4-p2.log
triton-r1-w4,triton-configured,triton,4096x128,4096,128,1,fp32,NA,NA,128,1,4,4096,float32,10,50,20260920,gpu-event-full-operator,rmsnorm-dyadic-v1,normal,9.999999747378752e-06,cpu-fp64-to-fp32,2e-05,2e-05,3,50,0.01744000054895878,0.019259999506175518,0.045079998672008514,0.020460100024938584,OK,2.38418579e-07,2.10757306e-07,samples/n4096x128-triton-r1-w4-p3.csv,logs/n4096x128-triton-r1-w4-p3.log
triton-r2-w4,triton-configured,triton,4096x128,4096,128,1,fp32,NA,NA,128,2,4,2048,float32,10,50,20260920,gpu-event-full-operator,rmsnorm-dyadic-v1,normal,9.999999747378752e-06,cpu-fp64-to-fp32,2e-05,2e-05,1,50,0.014919999986886978,0.015720000490546227,0.03976000100374222,0.018470520172268152,OK,2.38418579e-07,2.10757306e-07,samples/n4096x128-triton-r2-w4-p1.csv,logs/n4096x128-triton-r2-w4-p1.log
triton-r2-w4,triton-configured,triton,4096x128,4096,128,1,fp32,NA,NA,128,2,4,2048,float32,10,50,20260920,gpu-event-full-operator,rmsnorm-dyadic-v1,normal,9.999999747378752e-06,cpu-fp64-to-fp32,2e-05,2e-05,2,50,0.014919999986886978,0.01606000028550625,0.04939999803900719,0.018975399844348432,OK,2.38418579e-07,2.10757306e-07,samples/n4096x128-triton-r2-w4-p2.csv,logs/n4096x128-triton-r2-w4-p2.log
triton-r2-w4,triton-configured,triton,4096x128,4096,128,1,fp32,NA,NA,128,2,4,2048,float32,10,50,20260920,gpu-event-full-operator,rmsnorm-dyadic-v1,normal,9.999999747378752e-06,cpu-fp64-to-fp32,2e-05,2e-05,3,50,0.014960000291466713,0.01580000016838312,0.05432000011205673,0.020672079995274543,OK,2.38418579e-07,2.10757306e-07,samples/n4096x128-triton-r2-w4-p3.csv,logs/n4096x128-triton-r2-w4-p3.log
triton-r4-w4,triton-configured,triton,4096x128,4096,128,1,fp32,NA,NA,128,4,4,1024,float32,10,50,20260920,gpu-event-full-operator,rmsnorm-dyadic-v1,normal,9.999999747378752e-06,cpu-fp64-to-fp32,2e-05,2e-05,1,50,0.013079999946057796,0.026460500434041023,0.03895999863743782,0.025180139914155006,OK,2.38418579e-07,2.10757306e-07,samples/n4096x128-triton-r4-w4-p1.csv,logs/n4096x128-triton-r4-w4-p1.log
triton-r4-w4,triton-configured,triton,4096x128,4096,128,1,fp32,NA,NA,128,4,4,1024,float32,10,50,20260920,gpu-event-full-operator,rmsnorm-dyadic-v1,normal,9.999999747378752e-06,cpu-fp64-to-fp32,2e-05,2e-05,2,50,0.012839999981224537,0.026220000348985195,0.03700000047683716,0.025358519945293666,OK,2.38418579e-07,2.10757306e-07,samples/n4096x128-triton-r4-w4-p2.csv,logs/n4096x128-triton-r4-w4-p2.log
triton-r4-w4,triton-configured,triton,4096x128,4096,128,1,fp32,NA,NA,128,4,4,1024,float32,10,50,20260920,gpu-event-full-operator,rmsnorm-dyadic-v1,normal,9.999999747378752e-06,cpu-fp64-to-fp32,2e-05,2e-05,3,50,0.013039999641478062,0.026280000805854797,0.05502000078558922,0.02507893992587924,OK,2.38418579e-07,2.10757306e-07,samples/n4096x128-triton-r4-w4-p3.csv,logs/n4096x128-triton-r4-w4-p3.log
