config_id,implementation,runtime,shape,dtype,m,n,k,tile,block_m,block_n,block_k,block_threads,group_m,num_warps,launches,input,input_precision,reference,atol,rtol,seed,warmup,repeat,scope,run_count,correct,median_ms,median_ms_run_min,median_ms_run_max,max_abs_error,max_rel_error,grid,tflops
hip-naive-t16,hip-naive,hip,1024x1024x1024,float32,1024,1024,1024,16,16,16,1,256,0,0,1,dyadic-modular-v1,fp32,cpu-fp64-to-fp32,0.0001,0.0001,20260920,10,50,gpu-event-full-operator,3,OK,2.8708029985427856,2.482324957847595,2.8729435205459595,0.0,0.0,4096,0.7480428469282144
hip-naive-t16,hip-naive,hip,1024x256x512,float32,1024,256,512,16,16,16,1,256,0,0,1,dyadic-modular-v1,fp32,cpu-fp64-to-fp32,0.0001,0.0001,20260920,10,50,gpu-event-full-operator,3,OK,0.40192198753356934,0.401482492685318,0.4026625007390976,0.0,0.0,1024,0.6678794998185555
hip-naive-t16,hip-naive,hip,256x1024x512,float32,256,1024,512,16,16,16,1,256,0,0,1,dyadic-modular-v1,fp32,cpu-fp64-to-fp32,0.0001,0.0001,20260920,10,50,gpu-event-full-operator,3,OK,0.4094034880399704,0.40676249563694,0.4094429910182953,0.0,0.0,1024,0.6556745700559161
hip-tiled-t16,hip-tiled,hip,1024x1024x1024,float32,1024,1024,1024,16,16,16,16,256,0,0,1,dyadic-modular-v1,fp32,cpu-fp64-to-fp32,0.0001,0.0001,20260920,10,50,gpu-event-full-operator,3,OK,1.3867719769477844,1.3845319747924805,1.3941709995269775,0.0,0.0,4096,1.5485484879255376
hip-tiled-t16,hip-tiled,hip,1024x256x512,float32,1024,256,512,16,16,16,16,256,0,0,1,dyadic-modular-v1,fp32,cpu-fp64-to-fp32,0.0001,0.0001,20260920,10,50,gpu-event-full-operator,3,OK,0.1899299994111061,0.18883050233125687,0.19095050543546677,0.0,0.0,1024,1.413338897658646
hip-tiled-t16,hip-tiled,hip,256x1024x512,float32,256,1024,512,16,16,16,16,256,0,0,1,dyadic-modular-v1,fp32,cpu-fp64-to-fp32,0.0001,0.0001,20260920,10,50,gpu-event-full-operator,3,OK,0.19627100229263306,0.19001100212335587,0.1963915005326271,0.0,0.0,1024,1.367677613424383
hip-tiled-t32,hip-tiled,hip,1024x1024x1024,float32,1024,1024,1024,32,32,32,32,1024,0,0,1,dyadic-modular-v1,fp32,cpu-fp64-to-fp32,0.0001,0.0001,20260920,10,50,gpu-event-full-operator,3,OK,1.4783909916877747,1.4769709706306458,1.4836114645004272,0.0,0.0,1024,1.4525816648465704
hip-tiled-t8,hip-tiled,hip,1024x1024x1024,float32,1024,1024,1024,8,8,8,8,64,0,0,1,dyadic-modular-v1,fp32,cpu-fp64-to-fp32,0.0001,0.0001,20260920,10,50,gpu-event-full-operator,3,OK,1.4507514834403992,1.4501309990882874,1.4608120322227478,0.0,0.0,16384,1.4802560414464152
triton-b32x32-g1,triton-baseline,triton,1024x1024x1024,float32,1024,1024,1024,NA,32,32,32,NA,1,4,1,dyadic-modular-v1,ieee,cpu-fp64-to-fp32,0.0001,0.0001,20260920,10,50,gpu-event-full-operator,3,OK,0.5169165134429932,0.5162169933319092,0.5190369784832001,0.0,0.0,1024,4.154410997041652
triton-b32x32-g1,triton-baseline,triton,1024x256x512,float32,1024,256,512,NA,32,32,32,NA,1,4,1,dyadic-modular-v1,ieee,cpu-fp64-to-fp32,0.0001,0.0001,20260920,10,50,gpu-event-full-operator,3,OK,0.07818349823355675,0.07716450095176697,0.07818399742245674,0.0,0.0,256,3.433402982277738
triton-b32x32-g1,triton-baseline,triton,256x1024x512,float32,256,1024,512,NA,32,32,32,NA,1,4,1,dyadic-modular-v1,ieee,cpu-fp64-to-fp32,0.0001,0.0001,20260920,10,50,gpu-event-full-operator,3,OK,0.0781639963388443,0.07808449864387512,0.0782650001347065,0.0,0.0,256,3.43425961533902
triton-b32x64-g1,triton-baseline,triton,1024x1024x1024,float32,1024,1024,1024,NA,32,64,32,NA,1,4,1,dyadic-modular-v1,ieee,cpu-fp64-to-fp32,0.0001,0.0001,20260920,10,50,gpu-event-full-operator,3,OK,0.3592180013656616,0.3573779910802841,0.35965800285339355,0.0,0.0,512,5.978218351629865
triton-b64x32-g1,triton-baseline,triton,1024x1024x1024,float32,1024,1024,1024,NA,64,32,32,NA,1,4,1,dyadic-modular-v1,ieee,cpu-fp64-to-fp32,0.0001,0.0001,20260920,10,50,gpu-event-full-operator,3,OK,0.3580375015735626,0.3578979969024658,0.3593374937772751,0.0,0.0,512,5.997929374889174
triton-b64x32-g1,triton-baseline,triton,1024x256x512,float32,1024,256,512,NA,64,32,32,NA,1,4,1,dyadic-modular-v1,ieee,cpu-fp64-to-fp32,0.0001,0.0001,20260920,10,50,gpu-event-full-operator,3,OK,0.05752300098538399,0.057502999901771545,0.05752300098538399,0.0,0.0,128,4.66657600267077
triton-b64x32-g1,triton-baseline,triton,256x1024x512,float32,256,1024,512,NA,64,32,32,NA,1,4,1,dyadic-modular-v1,ieee,cpu-fp64-to-fp32,0.0001,0.0001,20260920,10,50,gpu-event-full-operator,3,OK,0.05754300020635128,0.05750349909067154,0.05762300081551075,0.0,0.0,128,4.66495412191545
triton-b64x32-g4,triton-grouped,triton,1024x1024x1024,float32,1024,1024,1024,NA,64,32,32,NA,4,4,1,dyadic-modular-v1,ieee,cpu-fp64-to-fp32,0.0001,0.0001,20260920,10,50,gpu-event-full-operator,3,OK,0.35527800023555756,0.35455799102783203,0.3584579974412918,0.0,0.0,512,6.044516256498203
triton-b64x32-g4,triton-grouped,triton,1024x256x512,float32,1024,256,512,NA,64,32,32,NA,4,4,1,dyadic-modular-v1,ieee,cpu-fp64-to-fp32,0.0001,0.0001,20260920,10,50,gpu-event-full-operator,3,OK,0.057502999901771545,0.05744300037622452,0.05752300098538399,0.0,0.0,128,4.668199162801071
triton-b64x32-g4,triton-grouped,triton,256x1024x512,float32,256,1024,512,NA,64,32,32,NA,4,4,1,dyadic-modular-v1,ieee,cpu-fp64-to-fp32,0.0001,0.0001,20260920,10,50,gpu-event-full-operator,3,OK,0.05744349956512451,0.0569825004786253,0.057563500478863716,0.0,0.0,128,4.673034512733175
triton-b64x32-g8,triton-grouped,triton,1024x1024x1024,float32,1024,1024,1024,NA,64,32,32,NA,8,4,1,dyadic-modular-v1,ieee,cpu-fp64-to-fp32,0.0001,0.0001,20260920,10,50,gpu-event-full-operator,3,OK,0.35851798951625824,0.35819800198078156,0.3598179966211319,0.0,0.0,512,5.989890914253872
